,MMWR Year,Reporting Area,TAVG,PRCP,"Coccidioidomycosis, Previous 52 weeks Max†","Coccidioidomycosis, Cum 2020†","Coccidioidomycosis, Cum 2021†"
0,2021,ALABAMA,64.2,5.43,2,3,9
1,2021,ALABAMA,64.2,5.43,2,3,9
2,2021,ALABAMA,64.2,5.43,2,5,9
3,2021,ALABAMA,64.2,5.43,2,5,9
4,2021,ALABAMA,64.2,5.43,2,5,9
5,2021,ALABAMA,64.2,5.43,2,3,9
6,2021,ARIZONA,62.1,1.0475,385,2493,3736
7,2021,ARIZONA,62.1,1.0475,385,341,639
8,2021,ARIZONA,62.1,1.0475,385,152,291
9,2021,ARIZONA,62.1,1.0475,384,566,797
10,2021,ARIZONA,62.1,1.0475,385,2041,3012
11,2021,ARIZONA,62.1,1.0475,384,768,1106
12,2021,ARIZONA,62.1,1.0475,384,1031,1415
13,2021,ARIZONA,62.1,1.0475,384,1235,1758
14,2021,ARIZONA,62.1,1.0475,385,1434,2130
15,2021,ARIZONA,62.1,1.0475,385,1630,2421
16,2021,ARIZONA,62.1,1.0475,385,2573,3955
17,2021,ARIZONA,62.1,1.0475,385,1830,2653
18,2021,ARIZONA,62.1,1.0475,385,2218,3255
19,2021,ARIZONA,62.1,1.0475,385,2382,3511
20,2021,ARIZONA,62.1,1.0475,385,2907,4531
21,2021,ARIZONA,62.1,1.0475,385,3603,5508
22,2021,ARIZONA,62.1,1.0475,385,2677,4157
23,2021,ARIZONA,62.1,1.0475,385,3480,5352
24,2021,ARIZONA,62.1,1.0475,385,2786,4369
25,2021,ARIZONA,62.1,1.0475,385,3008,4732
26,2021,ARIZONA,62.1,1.0475,385,4301,6259
27,2021,ARIZONA,62.1,1.0475,385,3150,4956
28,2021,ARIZONA,62.1,1.0475,385,5395,7358
29,2021,ARIZONA,62.1,1.0475,385,3302,5139
30,2021,ARIZONA,62.1,1.0475,385,3768,5689
31,2021,ARIZONA,62.1,1.0475,385,4444,6416
32,2021,ARIZONA,62.1,1.0475,385,3929,5917
33,2021,ARIZONA,62.1,1.0475,366,7224,8573
34,2021,ARIZONA,62.1,1.0475,385,4104,6068
35,2021,ARIZONA,62.1,1.0475,385,4610,6638
36,2021,ARIZONA,62.1,1.0475,385,5607,7500
37,2021,ARIZONA,62.1,1.0475,385,4808,6850
38,2021,ARIZONA,62.1,1.0475,367,9840,10514
39,2021,ARIZONA,62.1,1.0475,385,4990,7013
40,2021,ARIZONA,62.1,1.0475,366,7491,8782
41,2021,ARIZONA,62.1,1.0475,385,5176,7173
42,2021,ARIZONA,62.1,1.0475,385,5785,7771
43,2021,ARIZONA,62.1,1.0475,385,6076,7934
44,2021,ARIZONA,62.1,1.0475,366,6460,8067
45,2021,ARIZONA,62.1,1.0475,366,7751,8931
46,2021,ARIZONA,62.1,1.0475,366,6718,8238
47,2021,ARIZONA,62.1,1.0475,367,10205,10861
48,2021,ARIZONA,62.1,1.0475,366,6944,8376
49,2021,ARIZONA,62.1,1.0475,366,8004,9085
50,2021,ARIZONA,62.1,1.0475,366,8275,9333
51,2021,ARIZONA,62.1,1.0475,367,10571,11164
52,2021,ARIZONA,62.1,1.0475,366,8546,9541
53,2021,ARIZONA,62.1,1.0475,367,8835,9762
54,2021,ARIZONA,62.1,1.0475,353,10938,11413
55,2021,ARIZONA,62.1,1.0475,367,9155,10013
56,2021,ARIZONA,62.1,1.0475,367,9520,10244
57,2021,ARIZONA,62.1,1.0475,353,11174,11627
58,2021,ARKANSAS,61.35,4.185833333,1,4,1
59,2021,ARKANSAS,61.35,4.185833333,1,4,2
60,2021,ARKANSAS,61.35,4.185833333,3,1,2
61,2021,ARKANSAS,61.35,4.185833333,1,4,2
62,2021,ARKANSAS,61.35,4.185833333,1,4,2
63,2021,ARKANSAS,61.35,4.185833333,1,4,2
64,2021,ARKANSAS,61.35,4.185833333,1,4,1
65,2021,ARKANSAS,61.35,4.185833333,1,4,2
66,2021,ARKANSAS,61.35,4.185833333,1,4,2
67,2021,ARKANSAS,61.35,4.185833333,1,4,1
68,2021,ARKANSAS,61.35,4.185833333,1,4,1
69,2021,ARKANSAS,61.35,4.185833333,1,4,1
70,2021,ARKANSAS,61.35,4.185833333,1,4,1
71,2021,ARKANSAS,61.35,4.185833333,1,4,1
72,2021,ARKANSAS,61.35,4.185833333,1,4,1
73,2021,ARKANSAS,61.35,4.185833333,1,4,1
74,2021,ARKANSAS,61.35,4.185833333,1,4,1
75,2021,ARKANSAS,61.35,4.185833333,1,5,2
76,2021,ARKANSAS,61.35,4.185833333,1,5,3
77,2021,ARKANSAS,61.35,4.185833333,1,4,1
78,2021,ARKANSAS,61.35,4.185833333,1,4,1
79,2021,ARKANSAS,61.35,4.185833333,1,4,1
80,2021,ARKANSAS,61.35,4.185833333,1,4,1
81,2021,ARKANSAS,61.35,4.185833333,1,7,3
82,2021,ARKANSAS,61.35,4.185833333,1,4,1
83,2021,ARKANSAS,61.35,4.185833333,1,4,1
84,2021,ARKANSAS,61.35,4.185833333,1,5,2
85,2021,ARKANSAS,61.35,4.185833333,1,4,1
86,2021,ARKANSAS,61.35,4.185833333,1,7,2
87,2021,ARKANSAS,61.35,4.185833333,1,4,1
88,2021,ARKANSAS,61.35,4.185833333,1,7,3
89,2021,ARKANSAS,61.35,4.185833333,1,4,2
90,2021,ARKANSAS,61.35,4.185833333,1,5,3
91,2021,ARKANSAS,61.35,4.185833333,1,5,3
92,2021,ARKANSAS,61.35,4.185833333,1,7,3
93,2021,ARKANSAS,61.35,4.185833333,1,5,3
94,2021,ARKANSAS,61.35,4.185833333,1,7,3
95,2021,ARKANSAS,61.35,4.185833333,1,5,3
96,2021,ARKANSAS,61.35,4.185833333,1,7,3
97,2021,ARKANSAS,61.35,4.185833333,1,8,4
98,2021,ARKANSAS,61.35,4.185833333,1,7,3
99,2021,ARKANSAS,61.35,4.185833333,1,7,3
100,2021,ARKANSAS,61.35,4.185833333,1,7,3
101,2021,ARKANSAS,61.35,4.185833333,1,7,3
102,2021,ARKANSAS,61.35,4.185833333,1,7,3
103,2021,ARKANSAS,61.35,4.185833333,1,7,3
104,2021,ARKANSAS,61.35,4.185833333,1,7,2
105,2021,CALIFORNIA,60.35,1.5775,118,1249,728
106,2021,CALIFORNIA,60.35,1.5775,58,28,2
107,2021,CALIFORNIA,60.35,1.5775,58,51,30
108,2021,CALIFORNIA,60.35,1.5775,58,68,64
109,2021,CALIFORNIA,60.35,1.5775,36,172,260
110,2021,CALIFORNIA,60.35,1.5775,58,89,92
111,2021,CALIFORNIA,60.35,1.5775,58,106,133
112,2021,CALIFORNIA,60.35,1.5775,65,120,164
113,2021,CALIFORNIA,60.35,1.5775,65,154,164
114,2021,CALIFORNIA,60.35,1.5775,67,210,214
115,2021,CALIFORNIA,60.35,1.5775,67,268,221
116,2021,CALIFORNIA,60.35,1.5775,107,1184,726
117,2021,CALIFORNIA,60.35,1.5775,67,353,381
118,2021,CALIFORNIA,60.35,1.5775,102,1008,516
119,2021,CALIFORNIA,60.35,1.5775,124,1819,1235
120,2021,CALIFORNIA,60.35,1.5775,136,2320,1888
121,2021,CALIFORNIA,60.35,1.5775,119,1396,1009
122,2021,CALIFORNIA,60.35,1.5775,134,2181,1673
123,2021,CALIFORNIA,60.35,1.5775,108,1488,994
124,2021,CALIFORNIA,60.35,1.5775,128,1905,1359
125,2021,CALIFORNIA,60.35,1.5775,199,3144,2671
126,2021,CALIFORNIA,60.35,1.5775,129,1983,1468
127,2021,CALIFORNIA,60.35,1.5775,199,3790,3649
128,2021,CALIFORNIA,60.35,1.5775,199,3963,3903
129,2021,CALIFORNIA,60.35,1.5775,132,2060,1564
130,2021,CALIFORNIA,60.35,1.5775,171,2558,2120
131,2021,CALIFORNIA,60.35,1.5775,199,3262,2856
132,2021,CALIFORNIA,60.35,1.5775,172,2694,2328
133,2021,CALIFORNIA,60.35,1.5775,201,4549,4523
134,2021,CALIFORNIA,60.35,1.5775,196,2917,2515
135,2021,CALIFORNIA,60.35,1.5775,199,3408,3109
136,2021,CALIFORNIA,60.35,1.5775,199,3876,3741
137,2021,CALIFORNIA,60.35,1.5775,199,3513,3242
138,2021,CALIFORNIA,60.35,1.5775,187,6540,7017
139,2021,CALIFORNIA,60.35,1.5775,199,3596,3468
140,2021,CALIFORNIA,60.35,1.5775,201,4701,4652
141,2021,CALIFORNIA,60.35,1.5775,199,3690,3566
142,2021,CALIFORNIA,60.35,1.5775,200,4049,4013
143,2021,CALIFORNIA,60.35,1.5775,200,4154,4094
144,2021,CALIFORNIA,60.35,1.5775,220,5748,4774
145,2021,CALIFORNIA,60.35,1.5775,200,4258,4254
146,2021,CALIFORNIA,60.35,1.5775,212,6810,7454
147,2021,CALIFORNIA,60.35,1.5775,200,4403,4356
148,2021,CALIFORNIA,60.35,1.5775,223,6109,4906
149,2021,CALIFORNIA,60.35,1.5775,212,6691,7608
150,2021,CALIFORNIA,60.35,1.5775,223,6281,5212
151,2021,CALIFORNIA,60.35,1.5775,187,5287,5477
152,2021,CALIFORNIA,60.35,1.5775,187,5424,5217
153,2021,CALIFORNIA,60.35,1.5775,212,6867,7857
154,2021,CALIFORNIA,60.35,1.5775,187,6249,5527
155,2021,CALIFORNIA,60.35,1.5775,187,6421,6697
156,2021,CALIFORNIA,60.35,1.5775,212,6969,7934
157,2021,INDIANA,53.5,3.79,1,11,1
158,2021,INDIANA,53.5,3.79,1,11,3
159,2021,INDIANA,53.5,3.79,1,11,1
160,2021,INDIANA,53.5,3.79,1,11,3
161,2021,INDIANA,53.5,3.79,1,13,3
162,2021,INDIANA,53.5,3.79,1,11,3
163,2021,INDIANA,53.5,3.79,1,11,3
164,2021,INDIANA,53.5,3.79,1,11,3
165,2021,INDIANA,53.5,3.79,1,11,3
166,2021,INDIANA,53.5,3.79,1,13,3
167,2021,INDIANA,53.5,3.79,1,11,3
168,2021,INDIANA,53.5,3.79,1,11,3
169,2021,INDIANA,53.5,3.79,1,12,3
170,2021,INDIANA,53.5,3.79,1,12,3
171,2021,INDIANA,53.5,3.79,1,13,3
172,2021,INDIANA,53.5,3.79,1,12,3
173,2021,INDIANA,53.5,3.79,1,13,3
174,2021,INDIANA,53.5,3.79,1,13,3
175,2021,INDIANA,53.5,3.79,1,13,3
176,2021,INDIANA,53.5,3.79,1,13,3
177,2021,INDIANA,53.5,3.79,1,14,3
178,2021,KENTUCKY,56.96,4.45,1,3,1
179,2021,KENTUCKY,56.96,4.45,1,6,1
180,2021,KENTUCKY,56.96,4.45,1,6,2
181,2021,KENTUCKY,56.96,4.45,1,4,1
182,2021,KENTUCKY,56.96,4.45,1,5,1
183,2021,KENTUCKY,56.96,4.45,1,6,1
184,2021,KENTUCKY,56.96,4.45,1,5,1
185,2021,KENTUCKY,56.96,4.45,1,7,4
186,2021,KENTUCKY,56.96,4.45,1,6,1
187,2021,KENTUCKY,56.96,4.45,1,6,1
188,2021,KENTUCKY,56.96,4.45,1,6,2
189,2021,KENTUCKY,56.96,4.45,1,6,2
190,2021,KENTUCKY,56.96,4.45,1,7,9
191,2021,KENTUCKY,56.96,4.45,1,6,2
192,2021,KENTUCKY,56.96,4.45,1,7,4
193,2021,KENTUCKY,56.96,4.45,1,6,2
194,2021,KENTUCKY,56.96,4.45,1,7,2
195,2021,KENTUCKY,56.96,4.45,1,7,2
196,2021,KENTUCKY,56.96,4.45,1,8,9
197,2021,KENTUCKY,56.96,4.45,1,7,2
198,2021,KENTUCKY,56.96,4.45,1,7,7
199,2021,KENTUCKY,56.96,4.45,1,7,2
200,2021,KENTUCKY,56.96,4.45,1,7,4
201,2021,KENTUCKY,56.96,4.45,1,7,7
202,2021,KENTUCKY,56.96,4.45,1,8,9
203,2021,KENTUCKY,56.96,4.45,1,7,7
204,2021,KENTUCKY,56.96,4.45,1,8,9
205,2021,KENTUCKY,56.96,4.45,1,7,8
206,2021,KENTUCKY,56.96,4.45,1,7,9
207,2021,KENTUCKY,56.96,4.45,1,8,9
208,2021,KENTUCKY,56.96,4.45,1,7,9
209,2021,KENTUCKY,56.96,4.45,1,7,9
210,2021,LOUISIANA,67.48,5.52,1,4,1
211,2021,LOUISIANA,67.48,5.52,1,4,2
212,2021,LOUISIANA,67.48,5.52,2,4,3
213,2021,LOUISIANA,67.48,5.52,2,4,3
214,2021,LOUISIANA,67.48,5.52,1,4,2
215,2021,LOUISIANA,67.48,5.52,2,4,3
216,2021,LOUISIANA,67.48,5.52,2,4,3
217,2021,LOUISIANA,67.48,5.52,2,4,3
218,2021,LOUISIANA,67.48,5.52,2,4,3
219,2021,LOUISIANA,67.48,5.52,2,4,3
220,2021,LOUISIANA,67.48,5.52,2,4,3
221,2021,LOUISIANA,67.48,5.52,2,4,3
222,2021,LOUISIANA,67.48,5.52,2,4,3
223,2021,LOUISIANA,67.48,5.52,2,4,3
224,2021,LOUISIANA,67.48,5.52,2,4,3
225,2021,LOUISIANA,67.48,5.52,2,4,5
226,2021,LOUISIANA,67.48,5.52,2,4,3
227,2021,LOUISIANA,67.48,5.52,2,4,3
228,2021,LOUISIANA,67.48,5.52,2,4,3
229,2021,LOUISIANA,67.48,5.52,2,4,3
230,2021,LOUISIANA,67.48,5.52,2,7,11
231,2021,LOUISIANA,67.48,5.52,2,4,3
232,2021,LOUISIANA,67.48,5.52,2,4,5
233,2021,LOUISIANA,67.48,5.52,2,4,3
234,2021,LOUISIANA,67.48,5.52,2,4,3
235,2021,LOUISIANA,67.48,5.52,2,4,3
236,2021,LOUISIANA,67.48,5.52,2,7,12
237,2021,LOUISIANA,67.48,5.52,2,4,5
238,2021,LOUISIANA,67.48,5.52,2,4,6
239,2021,LOUISIANA,67.48,5.52,2,4,5
240,2021,LOUISIANA,67.48,5.52,2,4,5
241,2021,LOUISIANA,67.48,5.52,2,4,6
242,2021,LOUISIANA,67.48,5.52,2,8,13
243,2021,LOUISIANA,67.48,5.52,2,4,6
244,2021,LOUISIANA,67.48,5.52,2,7,12
245,2021,LOUISIANA,67.48,5.52,2,4,7
246,2021,LOUISIANA,67.48,5.52,2,5,7
247,2021,LOUISIANA,67.48,5.52,2,8,12
248,2021,LOUISIANA,67.48,5.52,2,5,8
249,2021,LOUISIANA,67.48,5.52,2,7,10
250,2021,MARYLAND,56.84,3.46,2,2,2
251,2021,MARYLAND,56.84,3.46,2,2,2
252,2021,MARYLAND,56.84,3.46,2,2,2
253,2021,MARYLAND,56.84,3.46,2,2,3
254,2021,MARYLAND,56.84,3.46,2,2,2
255,2021,MARYLAND,56.84,3.46,2,4,3
256,2021,MARYLAND,56.84,3.46,2,2,2
257,2021,MARYLAND,56.84,3.46,2,2,2
258,2021,MARYLAND,56.84,3.46,2,2,2
259,2021,MARYLAND,56.84,3.46,2,2,3
260,2021,MARYLAND,56.84,3.46,2,2,3
261,2021,MARYLAND,56.84,3.46,2,4,3
262,2021,MARYLAND,56.84,3.46,2,2,3
263,2021,MARYLAND,56.84,3.46,2,4,3
264,2021,MARYLAND,56.84,3.46,2,2,3
265,2021,MARYLAND,56.84,3.46,2,2,3
266,2021,MARYLAND,56.84,3.46,2,2,3
267,2021,MARYLAND,56.84,3.46,2,2,3
268,2021,MARYLAND,56.84,3.46,2,4,3
269,2021,MARYLAND,56.84,3.46,2,3,3
270,2021,MARYLAND,56.84,3.46,2,4,3
271,2021,MARYLAND,56.84,3.46,2,4,3
272,2021,MARYLAND,56.84,3.46,2,3,3
273,2021,MARYLAND,56.84,3.46,2,4,3
274,2021,MARYLAND,56.84,3.46,2,4,3
275,2021,MARYLAND,56.84,3.46,2,4,3
276,2021,MARYLAND,56.84,3.46,2,4,3
277,2021,MARYLAND,56.84,3.46,2,4,3
278,2021,MARYLAND,56.84,3.46,2,4,3
279,2021,MARYLAND,56.84,3.46,2,2,3
280,2021,MARYLAND,56.84,3.46,2,4,3
281,2021,MARYLAND,56.84,3.46,2,4,3
282,2021,MARYLAND,56.84,3.46,2,2,3
283,2021,MARYLAND,56.84,3.46,2,4,3
284,2021,MARYLAND,56.84,3.46,2,2,3
285,2021,MARYLAND,56.84,3.46,2,2,3
286,2021,MICHIGAN,47.4,2.74,4,10,1
287,2021,MICHIGAN,47.4,2.74,4,9,1
288,2021,MICHIGAN,47.4,2.74,4,11,3
289,2021,MICHIGAN,47.4,2.74,4,9,1
290,2021,MICHIGAN,47.4,2.74,4,10,2
291,2021,MICHIGAN,47.4,2.74,4,10,3
292,2021,MICHIGAN,47.4,2.74,4,12,3
293,2021,MICHIGAN,47.4,2.74,2,17,8
294,2021,MICHIGAN,47.4,2.74,3,25,29
295,2021,MICHIGAN,47.4,2.74,4,11,3
296,2021,MICHIGAN,47.4,2.74,4,12,3
297,2021,MICHIGAN,47.4,2.74,2,17,6
298,2021,MICHIGAN,47.4,2.74,4,12,3
299,2021,MICHIGAN,47.4,2.74,2,16,3
300,2021,MICHIGAN,47.4,2.74,3,19,17
301,2021,MICHIGAN,47.4,2.74,2,16,5
302,2021,MICHIGAN,47.4,2.74,3,25,27
303,2021,MICHIGAN,47.4,2.74,2,17,5
304,2021,MICHIGAN,47.4,2.74,3,17,9
305,2021,MICHIGAN,47.4,2.74,3,21,19
306,2021,MICHIGAN,47.4,2.74,3,18,11
307,2021,MICHIGAN,47.4,2.74,3,30,33
308,2021,MICHIGAN,47.4,2.74,3,19,15
309,2021,MICHIGAN,47.4,2.74,3,22,21
310,2021,MICHIGAN,47.4,2.74,3,25,29
311,2021,MICHIGAN,47.4,2.74,3,23,26
312,2021,MICHIGAN,47.4,2.74,3,34,37
313,2021,MICHIGAN,47.4,2.74,3,23,26
314,2021,MICHIGAN,47.4,2.74,3,31,34
315,2021,MICHIGAN,47.4,2.74,3,25,26
316,2021,MICHIGAN,47.4,2.74,3,25,30
317,2021,MICHIGAN,47.4,2.74,3,26,30
318,2021,MICHIGAN,47.4,2.74,3,31,34
319,2021,MICHIGAN,47.4,2.74,3,27,31
320,2021,MICHIGAN,47.4,2.74,3,34,37
321,2021,MICHIGAN,47.4,2.74,3,30,32
322,2021,MICHIGAN,47.4,2.74,3,31,35
323,2021,MICHIGAN,47.4,2.74,3,31,35
324,2021,MICHIGAN,47.4,2.74,3,34,38
325,2021,MICHIGAN,47.4,2.74,3,32,36
326,2021,MICHIGAN,47.4,2.74,3,32,36
327,2021,MICHIGAN,47.4,2.74,3,37,38
328,2021,MICHIGAN,47.4,2.74,3,32,37
329,2021,MICHIGAN,47.4,2.74,3,34,37
330,2021,MICHIGAN,47.4,2.74,3,37,39
331,2021,MINNESOTA,44.3,1.96,5,25,20
332,2021,MINNESOTA,44.3,1.96,5,19,17
333,2021,MINNESOTA,44.3,1.96,5,8,1
334,2021,MINNESOTA,44.3,1.96,5,11,7
335,2021,MINNESOTA,44.3,1.96,5,15,8
336,2021,MINNESOTA,44.3,1.96,5,25,27
337,2021,MINNESOTA,44.3,1.96,5,16,13
338,2021,MINNESOTA,44.3,1.96,5,22,19
339,2021,MINNESOTA,44.3,1.96,5,23,19
340,2021,MINNESOTA,44.3,1.96,5,28,39
341,2021,MINNESOTA,44.3,1.96,5,37,51
342,2021,MINNESOTA,44.3,1.96,5,26,33
343,2021,MINNESOTA,44.3,1.96,5,28,42
344,2021,MINNESOTA,44.3,1.96,5,27,36
345,2021,MINNESOTA,44.3,1.96,5,47,65
346,2021,MINNESOTA,44.3,1.96,5,29,45
347,2021,MINNESOTA,44.3,1.96,5,60,75
348,2021,MINNESOTA,44.3,1.96,5,32,49
349,2021,MINNESOTA,44.3,1.96,5,37,52
350,2021,MINNESOTA,44.3,1.96,5,43,57
351,2021,MINNESOTA,44.3,1.96,5,50,67
352,2021,MINNESOTA,44.3,1.96,5,46,60
353,2021,MINNESOTA,44.3,1.96,5,77,80
354,2021,MINNESOTA,44.3,1.96,5,46,62
355,2021,MINNESOTA,44.3,1.96,5,63,80
356,2021,MINNESOTA,44.3,1.96,5,50,68
357,2021,MINNESOTA,44.3,1.96,5,91,84
358,2021,MINNESOTA,44.3,1.96,5,53,71
359,2021,MINNESOTA,44.3,1.96,5,55,74
360,2021,MINNESOTA,44.3,1.96,5,77,80
361,2021,MINNESOTA,44.3,1.96,5,56,74
362,2021,MINNESOTA,44.3,1.96,5,65,80
363,2021,MINNESOTA,44.3,1.96,5,68,80
364,2021,MINNESOTA,44.3,1.96,5,91,84
365,2021,MINNESOTA,44.3,1.96,5,69,80
366,2021,MINNESOTA,44.3,1.96,5,80,80
367,2021,MINNESOTA,44.3,1.96,5,72,80
368,2021,MINNESOTA,44.3,1.96,5,75,80
369,2021,MINNESOTA,44.3,1.96,5,82,80
370,2021,MINNESOTA,44.3,1.96,5,83,80
371,2021,MINNESOTA,44.3,1.96,5,95,84
372,2021,MINNESOTA,44.3,1.96,5,83,80
373,2021,MINNESOTA,44.3,1.96,5,84,80
374,2021,MINNESOTA,44.3,1.96,5,95,84
375,2021,MINNESOTA,44.3,1.96,5,87,81
376,2021,MINNESOTA,44.3,1.96,5,89,84
377,2021,MINNESOTA,44.3,1.96,5,96,84
378,2021,MISSOURI,56.3,3.67,2,13,11
379,2021,MISSOURI,56.3,3.67,2,13,11
380,2021,MISSOURI,56.3,3.67,2,18,11
381,2021,MISSOURI,56.3,3.67,2,11,11
382,2021,MISSOURI,56.3,3.67,2,13,11
383,2021,MISSOURI,56.3,3.67,2,11,11
384,2021,MISSOURI,56.3,3.67,2,21,10
385,2021,MISSOURI,56.3,3.67,2,12,11
386,2021,MISSOURI,56.3,3.67,2,18,11
387,2021,MISSOURI,56.3,3.67,2,13,11
388,2021,MISSOURI,56.3,3.67,2,13,11
389,2021,MISSOURI,56.3,3.67,2,13,11
390,2021,MISSOURI,56.3,3.67,2,18,11
391,2021,MISSOURI,56.3,3.67,2,13,11
392,2021,MISSOURI,56.3,3.67,2,21,10
393,2021,MISSOURI,56.3,3.67,2,17,11
394,2021,MISSOURI,56.3,3.67,2,19,11
395,2021,MISSOURI,56.3,3.67,2,20,11
396,2021,MISSOURI,56.3,3.67,2,21,21
397,2021,MISSOURI,56.3,3.67,2,20,11
398,2021,MISSOURI,56.3,3.67,2,20,11
399,2021,MISSOURI,56.3,3.67,2,22,21
400,2021,MISSOURI,56.3,3.67,2,20,11
401,2021,MISSOURI,56.3,3.67,2,21,10
402,2021,MISSOURI,56.3,3.67,2,22,21
403,2021,MONTANA,43.9666666666667,1.1925,2,3,1
404,2021,MONTANA,43.9666666666667,1.1925,2,3,1
405,2021,MONTANA,43.9666666666667,1.1925,2,3,1
406,2021,MONTANA,43.9666666666667,1.1925,2,3,1
407,2021,MONTANA,43.9666666666667,1.1925,2,3,1
408,2021,MONTANA,43.9666666666667,1.1925,2,3,1
409,2021,MONTANA,43.9666666666667,1.1925,2,6,6
410,2021,MONTANA,43.9666666666667,1.1925,2,3,1
411,2021,MONTANA,43.9666666666667,1.1925,2,3,1
412,2021,MONTANA,43.9666666666667,1.1925,2,5,3
413,2021,MONTANA,43.9666666666667,1.1925,2,3,1
414,2021,MONTANA,43.9666666666667,1.1925,2,3,1
415,2021,MONTANA,43.9666666666667,1.1925,2,7,9
416,2021,MONTANA,43.9666666666667,1.1925,2,3,1
417,2021,MONTANA,43.9666666666667,1.1925,3,10,15
418,2021,MONTANA,43.9666666666667,1.1925,3,11,15
419,2021,MONTANA,43.9666666666667,1.1925,2,5,3
420,2021,MONTANA,43.9666666666667,1.1925,2,7,6
421,2021,MONTANA,43.9666666666667,1.1925,2,7,9
422,2021,MONTANA,43.9666666666667,1.1925,2,7,9
423,2021,MONTANA,43.9666666666667,1.1925,3,13,17
424,2021,MONTANA,43.9666666666667,1.1925,2,7,9
425,2021,MONTANA,43.9666666666667,1.1925,2,7,9
426,2021,MONTANA,43.9666666666667,1.1925,3,10,15
427,2021,MONTANA,43.9666666666667,1.1925,2,8,12
428,2021,MONTANA,43.9666666666667,1.1925,3,13,20
429,2021,MONTANA,43.9666666666667,1.1925,3,9,13
430,2021,MONTANA,43.9666666666667,1.1925,3,13,17
431,2021,MONTANA,43.9666666666667,1.1925,3,9,13
432,2021,MONTANA,43.9666666666667,1.1925,3,11,17
433,2021,MONTANA,43.9666666666667,1.1925,3,12,17
434,2021,MONTANA,43.9666666666667,1.1925,3,13,17
435,2021,MONTANA,43.9666666666667,1.1925,3,13,17
436,2021,MONTANA,43.9666666666667,1.1925,3,13,20
437,2021,MONTANA,43.9666666666667,1.1925,3,13,17
438,2021,MONTANA,43.9666666666667,1.1925,3,13,18
439,2021,MONTANA,43.9666666666667,1.1925,3,13,19
440,2021,MONTANA,43.9666666666667,1.1925,3,15,20
441,2021,MONTANA,43.9666666666667,1.1925,3,13,19
442,2021,MONTANA,43.9666666666667,1.1925,3,13,19
443,2021,MONTANA,43.9666666666667,1.1925,3,15,20
444,2021,MONTANA,43.9666666666667,1.1925,3,13,20
445,2021,MONTANA,43.9666666666667,1.1925,3,13,20
446,2021,MONTANA,43.9666666666667,1.1925,3,15,22
447,2021,NEBRASKA,51.04,1.88,2,3,1
448,2021,NEBRASKA,51.04,1.88,2,3,1
449,2021,NEBRASKA,51.04,1.88,2,4,1
450,2021,NEBRASKA,51.04,1.88,2,3,1
451,2021,NEBRASKA,51.04,1.88,2,3,1
452,2021,NEBRASKA,51.04,1.88,2,4,1
453,2021,NEBRASKA,51.04,1.88,2,3,1
454,2021,NEBRASKA,51.04,1.88,2,4,2
455,2021,NEBRASKA,51.04,1.88,2,3,1
456,2021,NEBRASKA,51.04,1.88,2,4,2
457,2021,NEBRASKA,51.04,1.88,2,4,2
458,2021,NEBRASKA,51.04,1.88,2,4,2
459,2021,NEBRASKA,51.04,1.88,1,10,2
460,2021,NEBRASKA,51.04,1.88,1,11,2
461,2021,NEBRASKA,51.04,1.88,2,4,2
462,2021,NEBRASKA,51.04,1.88,2,4,2
463,2021,NEBRASKA,51.04,1.88,2,5,2
464,2021,NEBRASKA,51.04,1.88,1,10,2
465,2021,NEBRASKA,51.04,1.88,2,5,2
466,2021,NEBRASKA,51.04,1.88,1,10,2
467,2021,NEBRASKA,51.04,1.88,1,15,3
468,2021,NEBRASKA,51.04,1.88,2,6,2
469,2021,NEBRASKA,51.04,1.88,1,11,2
470,2021,NEBRASKA,51.04,1.88,1,9,2
471,2021,NEBRASKA,51.04,1.88,1,15,5
472,2021,NEBRASKA,51.04,1.88,1,10,2
473,2021,NEBRASKA,51.04,1.88,1,11,2
474,2021,NEBRASKA,51.04,1.88,1,10,2
475,2021,NEBRASKA,51.04,1.88,1,15,3
476,2021,NEBRASKA,51.04,1.88,1,11,2
477,2021,NEBRASKA,51.04,1.88,1,12,2
478,2021,NEBRASKA,51.04,1.88,1,15,5
479,2021,NEBRASKA,51.04,1.88,1,12,2
480,2021,NEBRASKA,51.04,1.88,1,15,3
481,2021,NEBRASKA,51.04,1.88,1,13,2
482,2021,NEBRASKA,51.04,1.88,1,14,3
483,2021,NEBRASKA,51.04,1.88,1,15,3
484,2021,NEBRASKA,51.04,1.88,1,15,4
485,2021,NEBRASKA,51.04,1.88,1,15,5
486,2021,NEBRASKA,51.04,1.88,1,15,4
487,2021,NEBRASKA,51.04,1.88,1,15,4
488,2021,NEBRASKA,51.04,1.88,1,16,5
489,2021,NEBRASKA,51.04,1.88,1,15,5
490,2021,NEBRASKA,51.04,1.88,1,15,5
491,2021,NEBRASKA,51.04,1.88,2,16,8
492,2021,NEVADA,52.54,0.8,9,39,26
493,2021,NEVADA,52.54,0.8,9,29,25
494,2021,NEVADA,52.54,0.8,2,11,3
495,2021,NEVADA,52.54,0.8,3,13,4
496,2021,NEVADA,52.54,0.8,6,20,9
497,2021,NEVADA,52.54,0.8,9,22,13
498,2021,NEVADA,52.54,0.8,9,41,37
499,2021,NEVADA,52.54,0.8,9,24,13
500,2021,NEVADA,52.54,0.8,9,33,25
501,2021,NEVADA,52.54,0.8,9,36,25
502,2021,NEVADA,52.54,0.8,9,49,39
503,2021,NEVADA,52.54,0.8,9,68,53
504,2021,NEVADA,52.54,0.8,9,45,37
505,2021,NEVADA,52.54,0.8,9,48,39
506,2021,NEVADA,52.54,0.8,9,88,79
507,2021,NEVADA,52.54,0.8,9,53,51
508,2021,NEVADA,52.54,0.8,8,111,108
509,2021,NEVADA,52.54,0.8,8,102,83
510,2021,NEVADA,52.54,0.8,9,61,51
511,2021,NEVADA,52.54,0.8,9,65,52
512,2021,NEVADA,52.54,0.8,9,70,53
513,2021,NEVADA,52.54,0.8,8,97,80
514,2021,NEVADA,52.54,0.8,9,76,53
515,2021,NEVADA,52.54,0.8,8,135,118
516,2021,NEVADA,52.54,0.8,9,81,76
517,2021,NEVADA,52.54,0.8,8,112,108
518,2021,NEVADA,52.54,0.8,9,86,76
519,2021,NEVADA,52.54,0.8,8,169,159
520,2021,NEVADA,52.54,0.8,8,104,92
521,2021,NEVADA,52.54,0.8,8,115,108
522,2021,NEVADA,52.54,0.8,8,108,92
523,2021,NEVADA,52.54,0.8,8,137,118
524,2021,NEVADA,52.54,0.8,8,109,92
525,2021,NEVADA,52.54,0.8,8,119,115
526,2021,NEVADA,52.54,0.8,8,172,159
527,2021,NEVADA,52.54,0.8,8,121,115
528,2021,NEVADA,52.54,0.8,8,139,118
529,2021,NEVADA,52.54,0.8,8,124,115
530,2021,NEVADA,52.54,0.8,8,130,117
531,2021,NEVADA,52.54,0.8,8,144,118
532,2021,NEVADA,52.54,0.8,8,146,118
533,2021,NEVADA,52.54,0.8,8,180,171
534,2021,NEVADA,52.54,0.8,8,153,118
535,2021,NEVADA,52.54,0.8,8,156,119
536,2021,NEVADA,52.54,0.8,8,183,175
537,2021,NEVADA,52.54,0.8,8,159,120
538,2021,NEVADA,52.54,0.8,8,167,123
539,2021,NEVADA,52.54,0.8,8,187,175
540,2021,NEW MEXICO,55.43,1.02833333333333,1,47,1
541,2021,NEW MEXICO,55.43,1.02833333333333,1,49,2
542,2021,NEW MEXICO,55.43,1.02833333333333,1,47,1
543,2021,NEW MEXICO,55.43,1.02833333333333,1,49,2
544,2021,NEW MEXICO,55.43,1.02833333333333,1,47,2
545,2021,NEW MEXICO,55.43,1.02833333333333,1,47,2
546,2021,NEW MEXICO,55.43,1.02833333333333,1,47,2
547,2021,NEW MEXICO,55.43,1.02833333333333,1,50,2
548,2021,NEW MEXICO,55.43,1.02833333333333,1,47,2
549,2021,NEW MEXICO,55.43,1.02833333333333,1,48,2
550,2021,NEW MEXICO,55.43,1.02833333333333,1,50,3
551,2021,NEW MEXICO,55.43,1.02833333333333,1,48,2
552,2021,NEW MEXICO,55.43,1.02833333333333,1,48,2
553,2021,NEW MEXICO,55.43,1.02833333333333,1,50,4
554,2021,NORTH DAKOTA,48.13,3.45,1,1,1
555,2021,NORTH DAKOTA,48.13,3.45,1,2,1
556,2021,NORTH DAKOTA,48.13,3.45,1,1,1
557,2021,NORTH DAKOTA,48.13,3.45,1,1,1
558,2021,NORTH DAKOTA,48.13,3.45,1,1,1
559,2021,NORTH DAKOTA,48.13,3.45,1,1,1
560,2021,NORTH DAKOTA,48.13,3.45,1,1,1
561,2021,NORTH DAKOTA,48.13,3.45,1,2,1
562,2021,NORTH DAKOTA,48.13,3.45,1,2,1
563,2021,NORTH DAKOTA,48.13,3.45,1,2,1
564,2021,NORTH DAKOTA,48.13,3.45,1,2,1
565,2021,NORTH DAKOTA,48.13,3.45,1,2,1
566,2021,NORTH DAKOTA,48.13,3.45,1,2,1
567,2021,NORTH DAKOTA,48.13,3.45,1,2,1
568,2021,NORTH DAKOTA,48.13,3.45,1,3,2
569,2021,NORTH DAKOTA,48.13,3.45,1,2,1
570,2021,NORTH DAKOTA,48.13,3.45,1,2,1
571,2021,NORTH DAKOTA,48.13,3.45,1,3,2
572,2021,NORTH DAKOTA,48.13,3.45,1,8,2
573,2021,NORTH DAKOTA,48.13,3.45,1,3,1
574,2021,NORTH DAKOTA,48.13,3.45,1,3,2
575,2021,NORTH DAKOTA,48.13,3.45,1,3,2
576,2021,NORTH DAKOTA,48.13,3.45,1,3,2
577,2021,NORTH DAKOTA,48.13,3.45,1,3,2
578,2021,NORTH DAKOTA,48.13,3.45,1,3,2
579,2021,NORTH DAKOTA,48.13,3.45,1,8,2
580,2021,NORTH DAKOTA,48.13,3.45,1,3,2
581,2021,NORTH DAKOTA,48.13,3.45,1,3,2
582,2021,NORTH DAKOTA,48.13,3.45,1,8,2
583,2021,NORTH DAKOTA,48.13,3.45,1,9,2
584,2021,NORTH DAKOTA,48.13,3.45,1,3,2
585,2021,NORTH DAKOTA,48.13,3.45,1,8,2
586,2021,NORTH DAKOTA,48.13,3.45,1,8,2
587,2021,NORTH DAKOTA,48.13,3.45,1,8,2
588,2021,NORTH DAKOTA,48.13,3.45,1,8,2
589,2021,NORTH DAKOTA,48.13,3.45,1,8,2
590,2021,NORTH DAKOTA,48.13,3.45,1,9,2
591,2021,NORTH DAKOTA,48.13,3.45,1,8,2
592,2021,NORTH DAKOTA,48.13,3.45,1,8,2
593,2021,NORTH DAKOTA,48.13,3.45,1,8,2
594,2021,NORTH DAKOTA,48.13,3.45,1,8,2
595,2021,NORTH DAKOTA,48.13,3.45,1,8,2
596,2021,NORTH DAKOTA,48.13,3.45,1,8,2
597,2021,NORTH DAKOTA,48.13,3.45,1,9,5
598,2021,NORTH DAKOTA,48.13,3.45,1,8,2
599,2021,NORTH DAKOTA,48.13,3.45,1,9,2
600,2021,NORTH DAKOTA,48.13,3.45,1,9,5
601,2021,NORTH DAKOTA,48.13,3.45,1,9,2
602,2021,NORTH DAKOTA,48.13,3.45,1,9,2
603,2021,NORTH DAKOTA,48.13,3.45,1,9,5
604,2021,OHIO,53.175,3.6,4,2,3
605,2021,OHIO,53.175,3.6,4,2,2
606,2021,OHIO,53.175,3.6,4,3,3
607,2021,OHIO,53.175,3.6,4,2,2
608,2021,OHIO,53.175,3.6,4,2,3
609,2021,OHIO,53.175,3.6,4,3,3
610,2021,OHIO,53.175,3.6,4,3,2
611,2021,OHIO,53.175,3.6,4,3,3
612,2021,OHIO,53.175,3.6,4,3,3
613,2021,OHIO,53.175,3.6,4,3,2
614,2021,OHIO,53.175,3.6,4,3,2
615,2021,OHIO,53.175,3.6,4,3,2
616,2021,OHIO,53.175,3.6,4,5,5
617,2021,OHIO,53.175,3.6,4,3,3
618,2021,OHIO,53.175,3.6,4,5,8
619,2021,OHIO,53.175,3.6,4,3,3
620,2021,OHIO,53.175,3.6,4,3,3
621,2021,OHIO,53.175,3.6,4,5,3
622,2021,OHIO,53.175,3.6,4,5,7
623,2021,OHIO,53.175,3.6,4,5,4
624,2021,OHIO,53.175,3.6,2,9,9
625,2021,OHIO,53.175,3.6,4,5,5
626,2021,OHIO,53.175,3.6,4,5,9
627,2021,OHIO,53.175,3.6,4,5,8
628,2021,OHIO,53.175,3.6,2,11,13
629,2021,OHIO,53.175,3.6,4,5,8
630,2021,OHIO,53.175,3.6,4,5,8
631,2021,OHIO,53.175,3.6,2,9,9
632,2021,OHIO,53.175,3.6,4,5,8
633,2021,OHIO,53.175,3.6,2,9,9
634,2021,OHIO,53.175,3.6,2,9,9
635,2021,OHIO,53.175,3.6,2,11,15
636,2021,OHIO,53.175,3.6,2,9,9
637,2021,OHIO,53.175,3.6,2,11,9
638,2021,OHIO,53.175,3.6,2,9,9
639,2021,OHIO,53.175,3.6,2,9,9
640,2021,OHIO,53.175,3.6,2,11,11
641,2021,OHIO,53.175,3.6,2,11,11
642,2021,OHIO,53.175,3.6,2,11,15
643,2021,OHIO,53.175,3.6,2,11,12
644,2021,OHIO,53.175,3.6,2,11,12
645,2021,OHIO,53.175,3.6,2,11,15
646,2021,OHIO,53.175,3.6,2,11,12
647,2021,OHIO,53.175,3.6,2,11,13
648,2021,OHIO,53.175,3.6,2,11,15
649,2021,OREGON,48.3083333333333,2.45833333333333,2,3,1
650,2021,OREGON,48.3083333333333,2.45833333333333,2,2,1
651,2021,OREGON,48.3083333333333,2.45833333333333,2,1,2
652,2021,OREGON,48.3083333333333,2.45833333333333,2,1,1
653,2021,OREGON,48.3083333333333,2.45833333333333,2,1,1
654,2021,OREGON,48.3083333333333,2.45833333333333,2,1,1
655,2021,OREGON,48.3083333333333,2.45833333333333,2,3,1
656,2021,OREGON,48.3083333333333,2.45833333333333,2,2,1
657,2021,OREGON,48.3083333333333,2.45833333333333,2,2,1
658,2021,OREGON,48.3083333333333,2.45833333333333,2,3,1
659,2021,OREGON,48.3083333333333,2.45833333333333,2,3,1
660,2021,OREGON,48.3083333333333,2.45833333333333,2,5,2
661,2021,OREGON,48.3083333333333,2.45833333333333,2,3,1
662,2021,OREGON,48.3083333333333,2.45833333333333,2,3,1
663,2021,OREGON,48.3083333333333,2.45833333333333,2,5,5
664,2021,OREGON,48.3083333333333,2.45833333333333,2,3,1
665,2021,OREGON,48.3083333333333,2.45833333333333,2,6,6
666,2021,OREGON,48.3083333333333,2.45833333333333,2,5,2
667,2021,OREGON,48.3083333333333,2.45833333333333,2,5,2
668,2021,OREGON,48.3083333333333,2.45833333333333,2,5,2
669,2021,OREGON,48.3083333333333,2.45833333333333,2,5,5
670,2021,OREGON,48.3083333333333,2.45833333333333,2,5,2
671,2021,OREGON,48.3083333333333,2.45833333333333,2,5,3
672,2021,OREGON,48.3083333333333,2.45833333333333,2,6,6
673,2021,OREGON,48.3083333333333,2.45833333333333,2,6,6
674,2021,OREGON,48.3083333333333,2.45833333333333,2,5,5
675,2021,OREGON,48.3083333333333,2.45833333333333,2,5,5
676,2021,OREGON,48.3083333333333,2.45833333333333,2,9,6
677,2021,OREGON,48.3083333333333,2.45833333333333,2,5,5
678,2021,OREGON,48.3083333333333,2.45833333333333,2,6,6
679,2021,OREGON,48.3083333333333,2.45833333333333,2,5,5
680,2021,OREGON,48.3083333333333,2.45833333333333,2,6,7
681,2021,OREGON,48.3083333333333,2.45833333333333,2,6,6
682,2021,OREGON,48.3083333333333,2.45833333333333,2,6,6
683,2021,OREGON,48.3083333333333,2.45833333333333,2,9,6
684,2021,OREGON,48.3083333333333,2.45833333333333,2,6,6
685,2021,OREGON,48.3083333333333,2.45833333333333,2,6,6
686,2021,OREGON,48.3083333333333,2.45833333333333,2,6,6
687,2021,OREGON,48.3083333333333,2.45833333333333,2,6,6
688,2021,OREGON,48.3083333333333,2.45833333333333,2,5,6
689,2021,OREGON,48.3083333333333,2.45833333333333,2,9,6
690,2021,OREGON,48.3083333333333,2.45833333333333,2,5,6
691,2021,OREGON,48.3083333333333,2.45833333333333,2,7,6
692,2021,OREGON,48.3083333333333,2.45833333333333,2,8,6
693,2021,OREGON,48.3083333333333,2.45833333333333,2,10,6
694,2021,OREGON,48.3083333333333,2.45833333333333,2,9,6
695,2021,OREGON,48.3083333333333,2.45833333333333,2,9,6
696,2021,OREGON,48.3083333333333,2.45833333333333,2,10,6
697,2021,UTAH,49.5333333333333,0.95,3,14,6
698,2021,UTAH,49.5333333333333,0.95,3,1,1
699,2021,UTAH,49.5333333333333,0.95,3,1,1
700,2021,UTAH,49.5333333333333,0.95,3,11,5
701,2021,UTAH,49.5333333333333,0.95,3,2,1
702,2021,UTAH,49.5333333333333,0.95,3,3,3
703,2021,UTAH,49.5333333333333,0.95,3,3,3
704,2021,UTAH,49.5333333333333,0.95,3,6,3
705,2021,UTAH,49.5333333333333,0.95,3,7,4
706,2021,UTAH,49.5333333333333,0.95,3,16,7
707,2021,UTAH,49.5333333333333,0.95,3,9,4
708,2021,UTAH,49.5333333333333,0.95,3,13,5
709,2021,UTAH,49.5333333333333,0.95,4,18,13
710,2021,UTAH,49.5333333333333,0.95,3,13,6
711,2021,UTAH,49.5333333333333,0.95,3,17,8
712,2021,UTAH,49.5333333333333,0.95,4,19,13
713,2021,UTAH,49.5333333333333,0.95,4,23,19
714,2021,UTAH,49.5333333333333,0.95,3,18,11
715,2021,UTAH,49.5333333333333,0.95,4,27,22
716,2021,UTAH,49.5333333333333,0.95,4,20,17
717,2021,UTAH,49.5333333333333,0.95,4,36,28
718,2021,UTAH,49.5333333333333,0.95,4,21,18
719,2021,UTAH,49.5333333333333,0.95,4,23,21
720,2021,UTAH,49.5333333333333,0.95,4,24,21
721,2021,UTAH,49.5333333333333,0.95,4,28,22
722,2021,UTAH,49.5333333333333,0.95,4,24,22
723,2021,UTAH,49.5333333333333,0.95,4,40,34
724,2021,UTAH,49.5333333333333,0.95,4,27,22
725,2021,UTAH,49.5333333333333,0.95,4,36,28
726,2021,UTAH,49.5333333333333,0.95,4,29,23
727,2021,UTAH,49.5333333333333,0.95,4,30,23
728,2021,UTAH,49.5333333333333,0.95,5,48,46
729,2021,UTAH,49.5333333333333,0.95,4,31,24
730,2021,UTAH,49.5333333333333,0.95,4,41,34
731,2021,UTAH,49.5333333333333,0.95,4,34,26
732,2021,UTAH,49.5333333333333,0.95,4,36,31
733,2021,UTAH,49.5333333333333,0.95,4,36,31
734,2021,UTAH,49.5333333333333,0.95,5,50,47
735,2021,UTAH,49.5333333333333,0.95,4,37,32
736,2021,UTAH,49.5333333333333,0.95,5,41,35
737,2021,UTAH,49.5333333333333,0.95,4,38,32
738,2021,UTAH,49.5333333333333,0.95,4,39,33
739,2021,UTAH,49.5333333333333,0.95,5,41,35
740,2021,UTAH,49.5333333333333,0.95,5,43,35
741,2021,UTAH,49.5333333333333,0.95,5,51,48
742,2021,UTAH,49.5333333333333,0.95,5,45,40
743,2021,UTAH,49.5333333333333,0.95,5,46,40
744,2021,UTAH,49.5333333333333,0.95,5,51,50
745,2021,UTAH,49.5333333333333,0.95,5,46,46
746,2021,UTAH,49.5333333333333,0.95,5,48,46
747,2021,UTAH,49.5333333333333,0.95,5,53,51
748,2021,WISCONSIN,42.8583333333333,2.69,1,1,1
749,2021,WISCONSIN,42.8583333333333,2.69,1,1,1
750,2021,WISCONSIN,42.8583333333333,2.69,3,8,1
751,2021,WISCONSIN,42.8583333333333,2.69,1,1,1
752,2021,WISCONSIN,42.8583333333333,2.69,3,6,1
753,2021,WISCONSIN,42.8583333333333,2.69,3,7,1
754,2021,WISCONSIN,42.8583333333333,2.69,3,8,3
755,2021,WISCONSIN,42.8583333333333,2.69,1,14,4
756,2021,WISCONSIN,42.8583333333333,2.69,3,7,1
757,2021,WISCONSIN,42.8583333333333,2.69,3,8,3
758,2021,WISCONSIN,42.8583333333333,2.69,1,14,4
759,2021,WISCONSIN,42.8583333333333,2.69,3,8,3
760,2021,WISCONSIN,42.8583333333333,2.69,3,11,3
761,2021,WISCONSIN,42.8583333333333,2.69,1,15,4
762,2021,WISCONSIN,42.8583333333333,2.69,3,11,4
763,2021,WISCONSIN,42.8583333333333,2.69,1,16,4
764,2021,WISCONSIN,42.8583333333333,2.69,1,14,4
765,2021,WISCONSIN,42.8583333333333,2.69,1,14,4
766,2021,WISCONSIN,42.8583333333333,2.69,1,16,4
767,2021,WISCONSIN,42.8583333333333,2.69,1,15,4
768,2021,WISCONSIN,42.8583333333333,2.69,2,20,6
769,2021,WISCONSIN,42.8583333333333,2.69,1,15,4
770,2021,WISCONSIN,42.8583333333333,2.69,1,16,4
771,2021,WISCONSIN,42.8583333333333,2.69,1,16,4
772,2021,WISCONSIN,42.8583333333333,2.69,1,16,4
773,2021,WISCONSIN,42.8583333333333,2.69,2,23,9
774,2021,WISCONSIN,42.8583333333333,2.69,1,16,4
775,2021,WISCONSIN,42.8583333333333,2.69,2,20,6
776,2021,WISCONSIN,42.8583333333333,2.69,1,16,4
777,2021,WISCONSIN,42.8583333333333,2.69,1,17,4
778,2021,WISCONSIN,42.8583333333333,2.69,1,18,5
779,2021,WISCONSIN,42.8583333333333,2.69,1,18,5
780,2021,WISCONSIN,42.8583333333333,2.69,2,20,7
781,2021,WISCONSIN,42.8583333333333,2.69,1,19,5
782,2021,WISCONSIN,42.8583333333333,2.69,2,23,10
783,2021,WISCONSIN,42.8583333333333,2.69,1,20,5
784,2021,WISCONSIN,42.8583333333333,2.69,2,20,7
785,2021,WISCONSIN,42.8583333333333,2.69,2,20,7
786,2021,WISCONSIN,42.8583333333333,2.69,2,23,10
787,2021,WISCONSIN,42.8583333333333,2.69,2,20,7
788,2021,WISCONSIN,42.8583333333333,2.69,2,21,9
789,2021,WISCONSIN,42.8583333333333,2.69,2,24,10
790,2021,WISCONSIN,42.8583333333333,2.69,2,22,9
791,2021,WISCONSIN,42.8583333333333,2.69,2,23,9
792,2021,WISCONSIN,42.8583333333333,2.69,2,24,10
